address,type,size
00401000,function,43
00401030,function,288
00401150,function,67
004011a0,function,86
00401200,function,92
00401260,function,323
004013b0,function,68
00401400,function,191
004014c0,function,286
004015e0,function,140
00401670,function,38
004016a0,function,30
004016c0,function,6
004016d0,function,251
004017d0,function,2549
004021d0,function,1526
004027d0,function,576
00402a10,function,852
00402d70,function,2343
004036a0,function,76
004036f0,function,30
00403710,function,5
00403720,function,6
00403730,function,305
00403870,function,325
004039c0,function,503
00403bc0,function,145
00403c60,function,44
00403c90,function,45
00403cc0,function,607
00403f20,function,94
00403f80,function,20
00403fa0,function,1355
004044f0,function,29
00404510,function,59
00404550,function,37
00404580,function,37
004045b0,function,37
004045e0,function,125
00404660,function,23
00404680,function,29
004046a0,function,108
00404710,function,34
00404740,function,56
00404780,function,17
004047a0,function,9
004047b0,function,364
00404920,function,73
00404970,function,79
004049c0,function,69
00404a10,function,632
00404c90,function,488
00404e80,function,28
00404ea0,function,81
00404f00,function,30
00404f20,function,30
00404f40,function,211
00405020,function,72
00405070,function,36
004050a0,function,188
00405160,function,201
00405230,function,60
00405270,function,11
00405280,function,386
00405410,function,74
00405460,function,63
004054a0,function,116
00405520,function,18
00405540,function,30
00405560,function,11
00405570,function,21
00405590,function,34
004055c0,function,35
004055f0,function,31
00405610,function,31
00405630,function,330
00405780,function,74
004057d0,function,63
00405810,function,116
00405890,function,12
004058a0,function,5
004058b0,function,152
00405950,function,639
00405bd0,function,209
00405cb0,function,84
00405d10,function,209
00405df0,function,84
00405e50,function,207
00405f20,function,84
00405f80,function,209
00406060,function,84
004060c0,function,74
00406110,function,207
004061e0,function,84
00406240,function,74
00406290,function,5
004062a0,function,109
00406310,function,26
00406330,function,72
00406380,function,9
00406390,function,252
00406490,function,45
004064c0,function,214
004065a0,function,33
004065d0,function,172
00406680,function,46
004066b0,function,32
004066d0,function,52
00406710,function,80
00406760,function,13
00406770,function,27
00406790,function,88
004067f0,function,101
00406860,function,41
00406890,function,15
004068a0,function,73
004068f0,function,30
00406910,function,79
00406960,function,27
00406980,function,361
00406af0,function,149
00406b90,function,178
00406c50,function,87
00406cb0,function,299
00406de0,function,66
00406e30,function,66
00406e80,function,66
00406ed0,function,66
00406f20,function,23
00406f40,function,23
00406f60,function,36
00406f90,function,44
00406fc0,function,73
00407010,function,79
00407060,function,35
00407090,function,270
004071a0,function,5
004071b0,function,43
004071e0,function,43
00407210,function,37
00407240,function,38
00407270,function,38
004072a0,function,38
004072d0,function,46
00407300,function,28
00407320,function,29
00407340,function,29
00407360,function,29
00407380,function,188
00407440,function,23
00407460,function,5
00407470,function,261
00407580,function,56
004075c0,function,73
00407610,function,30
00407630,function,79
00407680,function,15
00407690,function,372
00407810,function,235
00407900,function,70
00407950,function,483
00407b40,function,92
00407ba0,function,204
00407c70,function,48
00407ca0,function,186
00407d60,function,258
00407e70,function,16
00407e80,function,5
00407e90,function,198
00407f60,function,32
00407f80,function,5
00407f90,function,19
00407fb0,function,5
00407fc0,function,19
00407fe0,function,26
00408000,function,30
00408020,function,79
00408070,function,398
00408200,function,35
00408230,function,70
00408280,function,68
004082d0,function,89
00408330,function,29
00408350,function,64
00408390,function,65
004083e0,function,84
00408440,function,29
00408460,function,27
00408480,function,15
00408490,function,60
004084d0,function,30
004084f0,function,7
00408500,function,56
00408540,function,18
00408560,function,56
004085a0,function,18
004085c0,function,517
004087d0,function,814
00408b00,function,10
00408b10,function,10
00408b20,function,12
00408b30,function,10
00408b40,function,74
00408b90,function,18
00408bb0,function,30
00408bd0,function,5
00408be0,function,190
00408ca0,function,175
00408d50,function,649
00408fe0,function,720
004092b0,function,76
00409300,function,598
00409560,function,294
00409690,function,169
00409740,function,79
00409790,function,30
004097b0,function,11
004097c0,function,106
00409830,function,21
00409850,function,65
004098a0,function,65
004098f0,function,115
00409970,function,95
004099d0,function,21
004099f0,function,155
00409a90,function,125
00409b10,function,1148
00409f90,function,1094
0040a3e0,function,1078
0040a820,function,10
0040a830,function,10
0040a840,function,12
0040a850,function,10
0040a860,function,10
0040a870,function,10
0040a880,function,12
0040a890,function,10
0040a8a0,function,5
0040a8b0,function,148
0040a950,function,30
0040a970,function,80
0040a9c0,function,241
0040aac0,function,37
0040aaf0,function,633
0040ad70,function,342
0040aed0,function,777
0040b1e0,function,661
0040b480,function,460
0040b650,function,448
0040b810,function,522
0040ba20,function,445
0040bbe0,function,72
0040bc30,function,72
0040bc80,function,92
0040bce0,function,46
0040bd10,function,867
0040c080,function,884
0040c400,function,1060
0040c830,function,866
0040cba0,function,311
0040cce0,function,311
0040ce20,function,345
0040cf80,function,311
0040d0c0,function,6
0040d0d0,function,453
0040d2a0,function,28
0040d2c0,function,30
0040d2e0,function,79
0040d330,function,442
0040d4f0,function,49
0040d530,function,25
0040d550,function,44
0040d580,function,67
0040d5d0,function,17
0040d5f0,function,91
0040d650,function,18
0040d670,function,958
0040da30,function,145
0040dad0,function,15
0040dae0,function,159
0040db80,function,468
0040dd60,function,846
0040e0b0,function,438
0040e270,function,237
0040e360,function,81
0040e3c0,function,89
0040e420,function,89
0040e480,function,14
0040e490,function,22
0040e4b0,function,5
0040e4c0,function,427
0040e670,function,444
0040e830,function,404
0040e9d0,function,74
0040ea20,function,86
0040ea80,function,54
0040eac0,function,16
0040ead0,function,18
0040eaf0,function,111
0040eb60,function,5
0040eb70,function,36
0040eba0,function,89
0040ec00,function,307
0040ed40,function,29
0040ed60,function,15
0040ed70,function,57
0040edb0,function,46
0040ede0,function,300
0040ef10,function,387
0040f0a0,function,472
0040f280,function,563
0040f4c0,function,657
0040f760,function,751
0040fa50,function,845
0040fda0,function,165
0040fe50,function,66
0040fea0,function,23
0040fec0,function,11
0040fed0,function,269
0040ffe0,function,53
00410020,function,283
00410140,function,445
00410300,function,67
00410350,function,32
00410370,function,72
004103c0,function,66
00410410,function,30
00410430,function,58
00410470,function,9
00410480,function,8
00410490,function,38
004104c0,function,157
00410560,function,92
004105c0,function,5
004105d0,function,92
00410630,function,41
00410660,function,102
004106d0,function,128
00410750,function,17
00410770,function,149
00410810,function,137
004108a0,function,25
004108c0,function,53
00410900,function,244
00410a00,function,244
00410b00,function,244
00410c00,function,60
00410c40,function,60
00410c80,function,102
00410cf0,function,102
00410d60,function,127
00410de0,function,184
00410ea0,function,24
00410ec0,function,31
00410ee0,function,48
00410f10,function,30
00410f30,function,260
00411040,function,76
00411090,function,179
00411150,function,84
004111b0,function,73
00411200,function,67
00411250,function,100
004112c0,function,232
004113b0,function,5
004113c0,function,8
004113d0,function,151
00411470,function,147
00411510,function,80
00411560,function,139
004115f0,function,39
00411620,function,30
00411640,function,23
00411660,function,23
00411680,function,34
004116b0,function,34
004116e0,function,10
004116f0,function,10
00411700,function,33
00411730,function,33
00411760,function,66
004117b0,function,17
004117d0,function,30
004117f0,function,11
00411800,function,78
00411850,function,28
00411870,function,289
004119a0,function,146
00411a40,function,38
00411a70,function,102
00411ae0,function,106
00411b50,function,59
00411b90,function,147
00411c30,function,24
00411c50,function,13
00411c60,function,48
00411c90,function,15
00411ca0,function,28
00411cc0,function,42
00411cf0,function,36
00411d20,function,36
00411d50,function,27
00411d70,function,37
00411da0,function,40
00411dd0,function,39
00411e00,function,30
00411e20,function,11
00411e30,function,84
00411e90,function,37
00411ec0,function,42
00411ef0,function,439
004120b0,function,44
004120e0,function,181
004121a0,function,23
004121c0,function,23
004121e0,function,23
00412200,function,23
00412220,function,63
00412260,function,18
00412280,function,51
004122c0,function,23
004122e0,function,18
00412300,function,44
00412330,function,35
00412360,function,22
00412380,function,5
00412390,function,158
00412430,function,290
00412560,function,82
004125c0,function,68
00412610,function,68
00412660,function,247
00412760,function,184
00412820,function,30
00412840,function,71
00412890,function,224
00412970,function,129
00412a00,function,72
00412a50,function,526
00412c60,function,123
00412ce0,function,934
00413090,function,224
00413170,function,46
004131a0,function,46
004131d0,function,46
00413200,function,46
00413230,function,97
004132a0,function,97
00413310,function,130
004133a0,function,57
004133e0,function,17
00413400,function,30
00413420,function,11
00413430,function,118
004134b0,function,35
004134e0,function,80
00413530,function,81
00413590,function,51
004135d0,function,33
00413600,function,66
00413650,function,4
00413660,function,92
004136c0,function,142
00413750,function,42
00413780,function,4
00413790,function,3
004137a0,function,32
004137c0,function,6
004137d0,function,211
004138b0,function,1181
00413d50,function,693
00414010,function,267
00414120,function,1204
004145e0,function,32
00414600,function,150
004146a0,function,409
00414840,function,10
00414850,function,240
00414940,function,5
00414950,function,154
004149f0,function,54
00414a30,function,88
00414a90,function,158
00414b30,function,204
00414c00,function,132
00414c90,function,177
00414d50,function,237
00414e40,function,254
00414f40,function,2242
00415810,function,361
00415980,function,183
00415a40,function,30
00415a60,function,397
00415bf0,function,42
00415c20,function,28
00415c40,function,30
00415c60,function,248
00415d60,function,111
00415dd0,function,24
00415df0,function,30
00415e10,function,11
00415e20,function,197
00415ef0,function,66
00415f40,function,28
00415f60,function,47
00415f90,function,20
00415fb0,function,17
00415fd0,function,20
00415ff0,function,49
00416030,function,3
00416040,function,77
00416090,function,162
00416140,function,325
00416290,function,48
004162c0,function,88
00416320,function,133
004163b0,function,30
004163d0,function,127
00416450,function,11
00416460,function,15
00416470,function,28
00416490,function,48
004164c0,function,1
004164d0,function,141
00416560,function,30
00416580,function,95
004165e0,function,456
004167b0,function,48
004167e0,function,124
00416860,function,249
00416960,function,205
00416a30,function,85
00416a90,function,26
00416ab0,function,15
00416ac0,function,58
00416b00,function,455
00416cd0,function,73
00416d20,function,143
00416db0,function,308
00416ef0,function,270
00417000,function,808
00417330,function,1478
00417900,function,119
00417980,function,7
00417990,function,1
004179a0,function,85
00417a00,function,7
00417a10,function,30
00417a30,function,38
00417a60,function,30
00417a80,function,11
00417a90,function,26
00417ab0,function,35
00417ae0,function,72
00417b30,function,35
00417b60,function,72
00417bb0,function,16
00417bc0,function,30
00417be0,function,7
00417bf0,function,88
00417c50,function,30
00417c70,function,7
00417c80,function,351
00417de0,function,517
00417ff0,function,233
004180e0,function,29
00418100,function,252
00418200,function,260
00418310,function,245
00418410,function,163
004184c0,function,263
004185d0,function,163
00418680,function,30
004186a0,function,79
004186f0,function,438
004188b0,function,139
00418940,function,881
00418cc0,function,153
00418d60,function,22
00418d80,function,122
00418e00,function,119
00418e80,function,46
00418eb0,function,104
00418f20,function,36
00418f50,function,99
00418fc0,function,98
00419030,function,103
004190a0,function,20
004190c0,function,18
004190e0,function,450
004192b0,function,119
00419330,function,53
00419370,function,121
004193f0,function,53
00419430,function,52
00419470,function,59
004194b0,function,404
00419650,function,48
00419680,function,61
004196c0,function,21
004196e0,function,13
004196f0,function,13
00419700,function,32
00419720,function,30
00419740,function,79
00419790,function,5
004197a0,function,1187
00419c50,function,125
00419cd0,function,57
00419d10,function,74
00419d60,function,330
00419eb0,function,43
00419ee0,function,49
00419f20,function,115
00419fa0,function,48
00419fd0,function,63
0041a010,function,62
0041a050,function,16
0041a060,function,115
0041a0e0,function,5
0041a0f0,function,31
0041a110,function,104
0041a180,function,135
0041a210,function,30
0041a230,function,223
0041a310,function,80
0041a360,function,385
0041a4f0,function,24
0041a510,function,10
0041a520,function,73
0041a570,function,43
0041a5a0,function,30
0041a5c0,function,35
0041a5f0,function,86
0041a650,function,53
0041a690,function,30
0041a6b0,function,79
0041a700,function,331
0041a850,function,64
0041a890,function,11
0041a8a0,function,293
0041a9d0,function,17
0041a9f0,function,4
0041aa00,function,12
0041aa10,function,5
0041aa20,function,32
0041aa40,function,28
0041aa60,function,436
0041ac20,function,134
0041acb0,function,33
0041ace0,function,30
0041ad00,function,125
0041ad80,function,16
0041ad90,function,8
0041ada0,function,15
0041adb0,function,78
0041ae00,function,4
0041ae10,function,59
0041ae50,function,11
0041ae60,function,632
0041b0e0,function,104
0041b150,function,23
0041b170,function,4
0041b180,function,67
0041b1d0,function,255
0041b2d0,function,42
0041b300,function,101
0041b370,function,254
0041b470,function,41
0041b4a0,function,4
0041b4b0,function,25
0041b4d0,function,30
0041b4f0,function,62
0041b530,function,16
0041b540,function,8
0041b550,function,15
0041b560,function,38
0041b590,function,16
0041b5a0,function,16
0041b5b0,function,16
0041b5c0,function,4
0041b5d0,function,31
0041b5f0,function,67
0041b640,function,51
0041b680,function,41
0041b6b0,function,30
0041b6d0,function,68
0041b720,function,135
0041b7b0,function,37
0041b7e0,function,228
0041b8d0,function,271
0041b9e0,function,36
0041ba10,function,38
0041ba40,function,42
0041ba70,function,42
0041baa0,function,43
0041bad0,function,48
0041bb00,function,44
0041bb30,function,219
0041bc10,function,33
0041bc40,function,14
0041bc50,function,16
0041bc60,function,53
0041bca0,function,52
0041bce0,function,30
0041bd00,function,79
0041bd50,function,13
0041bd60,function,99
0041bdd0,function,119
0041be50,function,34
0041be80,function,119
0041bf00,function,46
0041bf30,function,104
0041bfa0,function,24
0041bfc0,function,30
0041bfe0,function,35
0041c010,function,50
0041c050,function,30
0041c070,function,79
0041c0c0,function,8
0041c0d0,function,37
0041c100,function,123
0041c180,function,33
0041c1b0,function,30
0041c1d0,function,35
0041c200,function,58
0041c240,function,11
0041c250,function,8
0041c260,function,55
0041c2a0,function,135
0041c330,function,3
0041c340,function,134
0041c3d0,function,24
0041c3f0,function,30
0041c410,function,31
0041c430,function,81
0041c490,function,30
0041c4b0,function,79
0041c500,function,69
0041c550,function,1680
0041cbe0,function,193
0041ccb0,function,419
0041ce60,function,190
0041cf20,function,156
0041cfc0,function,121
0041d040,function,161
0041d0f0,function,85
0041d150,function,80
0041d1a0,function,73
0041d1f0,function,30
0041d210,function,79
0041d260,function,33
0041d290,function,221
0041d370,function,1036
0041d780,function,25
0041d7a0,function,275
0041d8c0,function,73
0041d910,function,30
0041d930,function,79
0041d980,function,39
0041d9b0,function,296
0041dae0,function,33
0041db10,function,1688
0041e1b0,function,84
0041e210,function,276
0041e330,function,35
0041e360,function,522
0041e570,function,63
0041e5b0,function,33
0041e5e0,function,12
0041e5f0,function,5
0041e600,function,37
0041e630,function,5
0041e640,function,216
0041e720,function,5
0041e730,function,55
0041e770,function,429
0041e920,function,30
0041e940,function,15
0041e950,function,264
0041ea60,function,36
0041ea90,function,92
0041eaf0,function,282
0041ec10,function,82
0041ec70,function,30
0041ec90,function,80
0041ece0,function,38
0041ed10,function,65
0041ed60,function,20
0041ed80,function,561
0041efc0,function,12
0041efd0,function,5
0041efe0,function,66
0041f030,function,244
0041f130,function,5
0041f140,function,26
0041f160,function,30
0041f180,function,79
0041f1d0,function,496
0041f3c0,function,57
0041f400,function,35
0041f430,function,16
0041f440,function,132
0041f4d0,function,600
0041f730,function,119
0041f7b0,function,93
0041f810,function,93
0041f870,function,321
0041f9c0,function,220
0041faa0,function,18
0041fac0,function,90
0041fb20,function,5
0041fb30,function,19
0041fb50,function,12
0041fb60,function,5
0041fb70,function,5
0041fb80,function,65
0041fbd0,function,33
0041fc00,function,345
0041fd60,function,78
0041fdb0,function,162
0041fe60,function,121
0041fee0,function,588
00420130,function,166
004201e0,function,118
00420260,function,82
004202c0,function,43
004202f0,function,133
00420380,function,46
004203b0,function,711
00420680,function,99
004206f0,function,30
00420710,function,105
00420780,function,36
004207b0,function,258
004208c0,function,33
004208f0,function,1460
00420eb0,function,25
00420ed0,function,25
00420ef0,function,293
00421020,function,46
00421050,function,51
00421090,function,29
004210b0,function,292
004211e0,function,99
00421250,function,602
004214b0,function,106
00421520,function,643
004217b0,function,29
004217d0,function,116
00421850,function,655
00421ae0,function,279
00421c00,function,403
00421da0,function,34
00421dd0,function,5
00421de0,function,31
00421e00,function,45
00421e30,function,177
00421ef0,function,63
00421f30,function,15
00421f40,function,57
00421f80,function,95
00421fe0,function,68
00422030,function,144
004220c0,function,29
004220e0,function,29
00422100,function,36
00422130,function,25
00422150,function,21
00422170,function,36
004221a0,function,46
004221d0,function,213
004222b0,function,156
00422350,function,61
00422390,function,30
004223b0,function,11
004223c0,function,87
00422420,function,577
00422670,function,146
00422710,function,582
00422960,function,1143
00422de0,function,198
00422eb0,function,556
004230e0,function,114
00423160,function,848
004234b0,function,63
004234f0,function,150
00423590,function,120
00423610,function,30
00423630,function,5
00423640,function,821
00423980,function,157
00423a20,function,1147
00423ea0,function,33
00423ed0,function,226
00423fc0,function,454
00424190,function,425
00424340,function,425
004244f0,function,469
004246d0,function,251
004247d0,function,467
004249b0,function,1536
00424fb0,function,2350
004258e0,function,779
00425bf0,function,127
00425c70,function,68
00425cc0,function,180
00425d80,function,271
00425e90,function,852
004261f0,function,135
00426280,function,60
004262c0,function,16
004262d0,function,129
00426360,function,8
00426370,function,24
00426390,function,15
004263a0,function,3484
00427140,function,22
00427160,function,111
004271d0,function,110
00427240,function,68
00427290,function,36
004272c0,function,65
00427310,function,266
00427420,function,31
00427440,function,626
004276c0,function,324
00427810,function,176
004278c0,function,61
00427900,function,35
00427930,function,30
00427950,function,11
00427960,function,27
00427980,function,24
004279a0,function,21
004279c0,function,34
004279f0,function,8
00427a00,function,148
00427aa0,function,150
00427b40,function,39
00427b70,function,31
00427b90,function,31
00427bb0,function,39
00427be0,function,21
00427c00,function,294
00427d30,function,322
00427e80,function,531
004280a0,function,258
004281b0,function,73
00428200,function,12
00428210,function,32
00428230,function,101
004282a0,function,44
004282d0,function,184
00428390,function,54
004283d0,function,27
004283f0,function,257
00428500,function,59
00428540,function,2540
00428f2c,function,20
00428f40,function,141
00428fd0,function,10
00428fe0,function,10
00428ff0,function,12
00429000,function,31
00429020,function,100
00429090,function,30
004290b0,function,99
00429120,function,234
00429210,function,150
004292b0,function,35
004292e0,function,79
00429330,function,76
00429380,function,62
004293c0,function,45
004293f0,function,641
00429680,function,236
00429770,function,291
004298a0,function,36
004298d0,function,20
004298f0,function,36
00429920,function,20
00429940,function,78
00429990,function,219
00429a70,function,28
00429a90,function,85
00429af0,function,65
00429b40,function,115
00429bc0,function,55
00429c00,function,33
00429c30,function,16
00429c40,function,133
00429cd0,function,30
00429cf0,function,73
00429d40,function,958
0042a100,function,285
0042a220,function,105
0042a290,function,733
0042a570,function,251
0042a670,function,187
0042a730,function,187
0042a7f0,function,49
0042a830,function,207
0042a900,function,289
0042aa30,function,64
0042aa70,function,90
0042aad0,function,480
0042acb0,function,125
0042ad30,function,22
0042ad50,function,22
0042ad70,function,35
0042ada0,function,46
0042add0,function,51
0042ae10,function,5
0042ae20,function,123
0042aea0,function,229
0042af90,function,196
0042b060,function,83
0042b0c0,function,107
0042b130,function,172
0042b1e0,function,161
0042b290,function,19
0042b2b0,function,5
0042b2c0,function,45
0042b2f0,function,46
0042b320,function,5
0042b330,function,39
0042b360,function,23
0042b380,function,18
0042b3a0,function,22
0042b3c0,function,56
0042b400,function,92
0042b460,function,9
0042b470,function,18
0042b490,function,18
0042b4b0,function,51
0042b4f0,function,32
0042b510,function,23
0042b530,function,33
0042b560,function,96
0042b5c0,function,62
0042b600,function,15
0042b610,function,40
0042b640,function,131
0042b6d0,function,14
0042b6e0,function,12
0042b6f0,function,5
0042b700,function,29
0042b720,function,193
0042b7f0,function,60
0042b830,function,74
0042b880,function,97
0042b8f0,function,37
0042b920,function,112
0042b990,function,24
0042b9b0,function,28
0042b9d0,function,332
0042bb20,function,30
0042bb40,function,112
0042bbb0,function,101
0042bc20,function,26
0042bc40,function,177
0042bd00,function,188
0042bdc0,function,28
0042bde0,function,28
0042be00,function,134
0042be90,function,44
0042bec0,function,25
0042bee0,function,700
0042c1a0,function,11
0042c1b0,function,96
0042c210,function,106
0042c280,function,170
0042c330,function,66
0042c380,function,72
0042c3d0,function,263
0042c4e0,function,227
0042c5d0,function,493
0042c7c0,function,30
0042c7e0,function,301
0042c910,function,487
0042cb00,function,134
0042cb90,function,298
0042ccc0,function,157
0042cd60,function,120
0042cde0,function,203
0042ceb0,function,26
0042ced0,function,25
0042cef0,function,8
0042cf00,function,139
0042cf90,function,131
0042d020,function,89
0042d080,function,91
0042d0e0,function,248
0042d1e0,function,115
0042d260,function,149
0042d300,function,216
0042d3e0,function,296
0042d510,function,535
0042d730,function,1408
0042dcb0,function,465
0042de90,function,209
0042df70,function,38
0042dfa0,function,592
0042e1f0,function,597
0042e450,function,60
0042e490,function,487
0042e680,function,114
0042e700,function,20
0042e720,function,240
0042e810,function,26
0042e830,function,8
0042e840,function,8
0042e850,function,39
0042e880,function,12
0042e890,function,5
0042e8a0,function,121
0042e920,function,45
0042e950,function,5
0042e960,function,234
0042ea50,function,110
0042eac0,function,92
0042eb20,function,54
0042eb60,function,417
0042ed10,function,107
0042ed80,function,131
0042ee10,function,86
0042ee70,function,142
0042ef00,function,121
0042ef80,function,16
0042ef90,function,131
0042f020,function,63
0042f060,function,66
0042f0b0,function,295
0042f1e0,function,4
0042f1f0,function,6
0042f200,function,21
0042f220,function,21
0042f240,function,5
0042f250,function,39
0042f280,function,12
0042f290,function,115
0042f310,function,145
0042f3b0,function,43
0042f3e0,function,74
0042f430,function,79
0042f480,function,781
0042f790,function,10
0042f7a0,function,139
0042f830,function,10
0042f840,function,10
0042f850,function,12
0042f860,function,10
0042f870,function,53
0042f8b0,function,51
0042f8f0,function,256
0042f9f0,function,17
0042fa10,function,30
0042fa30,function,11
0042fa40,function,209
0042fb20,function,34
0042fb50,function,55
0042fb90,function,39
0042fbc0,function,67
0042fc10,function,82
0042fc70,function,16
0042fc80,function,25
0042fca0,function,30
0042fcc0,function,5
0042fcd0,function,12
0042fce0,function,38
0042fd10,function,251
0042fe10,function,351
0042ff70,function,77
0042ffc0,function,85
00430020,function,37
00430050,function,74
004300a0,function,35
004300d0,function,34
00430100,function,19
00430120,function,624
00430390,function,403
00430530,function,55
00430570,function,27
00430590,function,27
004305b0,function,39
004305e0,function,61
00430620,function,40
00430650,function,42
00430680,function,42
004306b0,function,27
004306d0,function,49
00430710,function,65
00430760,function,37
00430790,function,89
004307f0,function,77
00430840,function,45
00430870,function,30
00430890,function,11
004308a0,function,44
004308d0,function,24
004308f0,function,23
00430910,function,23
00430930,function,70
00430980,function,54
004309c0,function,304
00430af0,function,304
00430c20,function,95
00430c80,function,22
00430ca0,function,18
00430cc0,function,30
00430ce0,function,11
00430cf0,function,76
00430d40,function,54
00430d80,function,720
00431050,function,453
00431220,function,239
00431310,function,320
00431450,function,122
004314d0,function,88
00431530,function,20
00431550,function,271
00431660,function,58
004316a0,function,36
004316d0,function,16
004316e0,function,634
00431960,function,30
00431980,function,8
00431990,function,574
00431bd0,function,552
00431e00,function,1816
00432520,function,20
00432540,function,580
00432790,function,84
004327f0,function,223
004328d0,function,24
004328f0,function,344
00432a50,function,216
00432b30,function,137
00432bc0,function,428
00432d70,function,76
00432dc0,function,44
00432df0,function,38
00432e20,function,704
004330e0,function,171
00433190,function,710
00433460,function,29
00433480,function,2931
00434000,function,355
00434170,function,395
00434300,function,54
00434340,function,158
004343e0,function,1210
004348a0,function,138
00434930,function,98
004349a0,function,350
00434b00,function,372
00434c80,function,551
00434eb0,function,718
00435180,function,108
004351f0,function,46
00435220,function,682
004354d0,function,736
004357b0,function,41
004357e0,function,32
00435800,function,39
00435830,function,46
00435860,function,123
004358e0,function,58
00435920,function,22
00435940,function,29
00435960,function,160
00435a00,function,136
00435a90,function,32
00435ab0,function,239
00435ba0,function,76
00435bf0,function,11
00435c00,function,181
00435cc0,function,82
00435d20,function,328
00435e70,function,171
00435f20,function,237
00436010,function,323
00436160,function,370
004362e0,function,432
00436490,function,12
004364a0,function,5
004364b0,function,54
004364f0,function,344
00436650,function,5
00436660,function,26
00436680,function,30
004366a0,function,79
004366f0,function,504
004368f0,function,57
00436930,function,45
00436960,function,5
00436970,function,31
00436990,function,130
00436a20,function,128
00436aa0,function,298
00436bd0,function,531
00436df0,function,970
004371c0,function,754
004374c0,function,127
00437540,function,510
00437740,function,167
004377f0,function,855
00437b50,function,142
00437be0,function,340
00437d40,function,1974
00438500,function,86
00438560,function,2298
00438e60,function,191
00438f20,function,480
00439100,function,272
00439210,function,33
00439240,function,245
00439340,function,137
004393d0,function,77
00439420,function,107
00439490,function,131
00439520,function,66
00439570,function,41
004395a0,function,34
004395d0,function,131
00439660,function,92
004396c0,function,103
00439730,function,56
00439770,function,27
00439790,function,15
004397a0,function,15
004397b0,function,15
004397c0,function,168
00439870,function,142
00439900,function,497
00439b00,function,103
00439b70,function,39
00439ba0,function,157
00439c40,function,40
00439c70,function,17
00439c90,function,95
00439cf0,function,353
00439e60,function,48
00439e90,function,16
00439ea0,function,279
00439fc0,function,224
0043a0a0,function,27
0043a0c0,function,18
0043a0e0,function,72
0043a130,function,101
0043a1a0,function,104
0043a210,function,82
0043a270,function,132
0043a300,function,87
0043a360,function,48
0043a390,function,69
0043a3e0,function,14
0043a3f0,function,11
0043a400,function,11
0043a410,function,12
0043a420,function,5
0043a430,function,14
0043a440,function,5
0043a450,function,37
0043a480,function,437
0043a640,function,12
0043a650,function,5
0043a660,function,35
0043a690,function,71
0043a6e0,function,155
0043a780,function,599
0043a9e0,function,25
0043aa00,function,12
0043aa10,function,38
0043aa40,function,77
0043aa90,function,85
0043aaf0,function,19
0043ab10,function,116
0043ab90,function,263
0043aca0,function,357
0043ae10,function,5
0043ae20,function,19
0043ae40,function,147
0043aee0,function,153
0043af80,function,176
0043b030,function,338
0043b190,function,642
0043b420,function,87
0043b480,function,1936
0043bc10,function,586
0043be60,function,69
0043beb0,function,311
0043bff0,function,64
0043c030,function,370
0043c1b0,function,1262
0043c6a0,function,64
0043c6e0,function,271
0043c7f0,function,283
0043c910,function,330
0043ca60,function,330
0043cbb0,function,244
0043ccb0,function,122
0043cd30,function,100
0043cda0,function,393
0043cf30,function,305
0043d070,function,165
0043d120,function,37
0043d150,function,26
0043d170,function,13
0043d180,function,45
0043d1b0,function,77
0043d200,function,85
0043d260,function,10
0043d270,function,379
0043d3f0,function,336
0043d540,function,10
0043d550,function,10
0043d560,function,12
0043d570,function,10
0043d580,function,5
0043d590,function,11
0043d5a0,function,126
0043d620,function,119
0043d6a0,function,250
0043d7a0,function,483
0043d990,function,84
0043d9f0,function,18
0043da10,function,19
0043da30,function,19
0043da50,function,258
0043db60,function,66
0043dbb0,function,74
0043dc00,function,202
0043dcd0,function,126
0043dd50,function,318
0043de90,function,89
0043def0,function,147
0043df90,function,223
0043e070,function,1448
0043e620,function,284
0043e740,function,1154
0043ebd0,function,61
0043ec10,function,1485
0043f1e0,function,846
0043f530,function,1301
0043fa50,function,359
0043fbc0,function,94
0043fc20,function,272
0043fd30,function,64
0043fd70,function,17
0043fd90,function,28
0043fdb0,function,12
0043fdc0,function,337
0043ff20,function,264
00440030,function,107
004400a0,function,57
004400e0,function,30
00440100,function,37
00440130,function,46
00440160,function,58
004401a0,function,11
004401b0,function,41
004401e0,function,54
00440220,function,12
00440230,function,5
00440240,function,45
00440270,function,37
004402a0,function,5
004402b0,function,15
004402c0,function,41
004402f0,function,11
00440300,function,46
00440330,function,29
00440350,function,1295
00440860,function,22
00440880,function,37
004408b0,function,47
004408e0,function,101
00440950,function,18
00440970,function,113
004409f0,function,86
00440a50,function,5
00440a60,function,17
00440a80,function,130
00440b10,function,51
00440b50,function,118
00440bd0,function,210
00440cb0,function,231
00440da0,function,111
00440e10,function,891
00441190,function,47
004411c0,function,4
004411d0,function,50
00441210,function,68
00441260,function,205
00441330,function,1110
00441790,function,3792
00442660,function,32
00442680,function,73
004426d0,function,41
00442700,function,111
00442770,function,208
00442840,function,201
00442910,function,192
004429d0,function,35
00442a00,function,542
00442c20,function,504
00442e20,function,12
00442e30,function,38
00442e60,function,9
00442e70,function,5
00442e80,function,100
00442ef0,function,236
00442fe0,function,104
00443050,function,88
004430b0,function,36
004430e0,function,56
00443120,function,187
004431e0,function,5
004431f0,function,30
00443210,function,182
004432d0,function,11
004432e0,function,317
00443420,function,118
004434a0,function,120
00443520,function,156
004435c0,function,95
00443620,function,184
004436e0,function,119
00443760,function,58
004437a0,function,58
004437e0,function,91
00443840,function,89
004438a0,function,51
004438e0,function,36
00443910,function,43
00443940,function,57
00443980,function,37
004439b0,function,50
004439f0,function,5
00443a00,function,11
00443a10,function,10
00443a20,function,10
00443a30,function,12
00443a40,function,10
00443a50,function,19
00443a70,function,5
00443a80,function,56
00443ac0,function,50
00443b00,function,15
00443b10,function,36
00443b40,function,15
00443b50,function,43
00443b80,function,70
00443bd0,function,52
00443c10,function,29
00443c30,function,88
00443c90,function,12
00443ca0,function,65
00443cf0,function,668
00443f90,function,5
00443fa0,function,26
00443fc0,function,30
00443fe0,function,79
00444030,function,465
00444210,function,49
00444250,function,107
004442c0,function,30
004442e0,function,95
00444340,function,298
00444470,function,21
00444490,function,163
00444540,function,304
00444670,function,19
00444690,function,388
00444820,function,670
00444ac0,function,75
00444b10,function,36
00444b40,function,586
00444d90,function,252
00444e90,function,81
00444ef0,function,960
004452b0,function,592
00445500,function,1711
00445bb0,function,123
00445c30,function,113
00445cb0,function,85
00445d10,function,167
00445dc0,function,1748
004464a0,function,288
004465c0,function,2208
00446e60,function,56
00446ea0,function,65
00446ef0,function,168
00446fa0,function,41
00446fd0,function,604
00447230,function,244
00447330,function,400
004474c0,function,455
00447690,function,487
00447880,function,33
004478b0,function,1078
00447cf0,function,565
00447f30,function,312
00448070,function,75
004480c0,function,73
00448110,function,69
00448160,function,290
00448290,function,71
004482e0,function,133
00448370,function,18
00448390,function,18
004483b0,function,119
00448430,function,547
00448660,function,198
00448730,function,35
00448760,function,61
004487a0,function,15
004487b0,function,61
004487f0,function,15
00448800,function,25
00448820,function,25
00448840,function,159
004488e0,function,66
00448930,function,85
00448990,function,39
004489c0,function,39
004489f0,function,81
00448a50,function,31
00448a70,function,101
00448ae0,function,150
00448b80,function,230
00448c70,function,278
00448d90,function,708
00449060,function,7
00449070,function,28
00449090,function,27
004490b0,function,179
00449170,function,19
00449190,function,231
00449280,function,72
004492d0,function,98
00449340,function,274
00449460,function,370
004495e0,function,179
004496a0,function,335
004497f0,function,671
00449a90,function,244
00449b90,function,91
00449bf0,function,231
00449ce0,function,110
00449d50,function,108
00449dc0,function,30
00449de0,function,38
00449e10,function,19
00449e30,function,17
00449e50,function,20
00449e70,function,95
00449ed0,function,45
00449f00,function,41
00449f30,function,59
00449f70,function,75
00449fc0,function,84
0044a020,function,89
0044a080,function,77
0044a0d0,function,91
0044a130,function,42
0044a160,function,59
0044a1a0,function,47
0044a1d0,function,6
0044a1e0,function,6
0044a1f0,function,321
0044a340,function,272
0044a450,function,28
0044a470,function,118
0044a4f0,function,113
0044a570,function,137
0044a600,function,61
0044a640,function,53
0044a680,function,53
0044a6c0,function,75
0044a710,function,5
0044a720,function,11
0044a730,function,5
0044a740,function,19
0044a760,function,5
0044a770,function,11
0044a780,function,5
0044a790,function,19
0044a7b0,function,5
0044a7c0,function,19
0044a7e0,function,73
0044a830,function,81
0044a890,function,524
0044aaa0,function,23
0044aac0,function,22
0044aae0,function,1332
0044b020,function,135
0044b0b0,function,113
0044b130,function,145
0044b1d0,function,8
0044b1e0,function,206
0044b2b0,function,341
0044b410,function,135
0044b4a0,function,61
0044b4e0,function,137
0044b570,function,13
0044b580,function,137
0044b610,function,210
0044b6f0,function,18
0044b710,function,30
0044b730,function,11
0044b740,function,21
0044b760,function,85
0044b7c0,function,40
0044b7f0,function,44
0044b820,function,80
0044b870,function,31
0044b890,function,23
0044b8b0,function,35
0044b8e0,function,12
0044b8f0,function,40
0044b920,function,30
0044b940,function,11
0044b950,function,101
0044b9c0,function,35
0044b9f0,function,99
0044ba60,function,70
0044bab0,function,27
0044bad0,function,31
0044baf0,function,35
0044bb20,function,17
0044bb40,function,17
0044bb60,function,241
0044bc60,function,317
0044bda0,function,43
0044bdd0,function,17
0044bdf0,function,21
0044be10,function,81
0044be70,function,90
0044bed0,function,6
0044bee0,function,8
0044bef0,function,4
0044bf00,function,9
0044bf10,function,10
0044bf20,function,18
0044bf40,function,30
0044bf60,function,7
0044bf70,function,86
0044bfd0,function,106
0044c040,function,127
0044c0c0,function,64
0044c100,function,18
0044c120,function,30
0044c140,function,11
0044c150,function,26
0044c170,function,46
0044c1a0,function,27
0044c1c0,function,159
0044c260,function,29
0044c280,function,65
0044c2d0,function,172
0044c380,function,164
0044c430,function,110
0044c4a0,function,109
0044c510,function,81
0044c570,function,25
0044c590,function,11
0044c5a0,function,21
0044c5c0,function,164
0044c670,function,101
0044c6e0,function,82
0044c740,function,62
0044c780,function,139
0044c810,function,101
0044c880,function,127
0044c900,function,21
0044c920,function,18
0044c940,function,30
0044c960,function,41
0044c990,function,37
0044c9c0,function,221
0044caa0,function,131
0044cb30,function,347
0044cc90,function,110
0044cd00,function,746
0044cff0,function,387
0044d180,function,12
0044d190,function,857
0044d4f0,function,53
0044d530,function,57
0044d570,function,302
0044d6a0,function,212
0044d780,function,158
0044d820,function,32
0044d840,function,30
0044d860,function,11
0044d870,function,97
0044d8e0,function,21
0044d900,function,181
0044d9c0,function,159
0044da60,function,10
0044da70,function,316
0044dbb0,function,31
0044dbd0,function,8
0044dbe0,function,29
0044dc00,function,95
0044dc60,function,96
0044dcc0,function,96
0044dd20,function,798
0044e040,function,16
0044e050,function,30
0044e070,function,7
0044e080,function,8
0044e090,function,8
0044e0a0,function,104
0044e110,function,30
0044e130,function,8
0044e140,function,154
0044e1e0,function,53
0044e220,function,20
0044e240,function,19
0044e260,function,25
0044e280,function,63
0044e2c0,function,523
0044e4d0,function,47
0044e500,function,61
0044e540,function,49
0044e580,function,52
0044e5c0,function,30
0044e5e0,function,103
0044e650,function,55
0044e690,function,38
0044e6c0,function,204
0044e790,function,22
0044e7b0,function,37
0044e7e0,function,3
0044e7f0,function,5
0044e800,function,27
0044e820,function,27
0044e840,function,27
0044e860,function,64
0044e8a0,function,27
0044e8c0,function,24
0044e8e0,function,24
0044e900,function,24
0044e920,function,24
0044e940,function,90
0044e9a0,function,113
0044ea20,function,73
0044ea70,function,30
0044ea90,function,79
0044eae0,function,53
0044eb20,function,133
0044ebb0,function,47
0044ebe0,function,74
0044ec30,function,184
0044ecf0,function,165
0044eda0,function,149
0044ee40,function,276
0044ef60,function,90
0044efc0,function,185
0044f080,function,90
0044f0e0,function,52
0044f120,function,183
0044f1e0,function,52
0044f220,function,10
0044f230,function,10
0044f240,function,4
0044f250,function,6
0044f260,function,14
0044f270,function,73
0044f2c0,function,9
0044f2d0,function,6
0044f2e0,function,3
0044f2f0,function,3
0044f300,function,30
0044f320,function,79
0044f370,function,27
0044f390,function,97
0044f400,function,44
0044f430,function,54
0044f470,function,36
0044f4a0,function,127
0044f520,function,73
0044f570,function,6
0044f580,function,6
0044f590,function,3
0044f5a0,function,30
0044f5c0,function,79
0044f610,function,45
0044f640,function,129
0044f6d0,function,47
0044f700,function,72
0044f750,function,256
0044f850,function,49
0044f890,function,51
0044f8d0,function,54
0044f910,function,120
0044f990,function,73
0044f9e0,function,30
0044fa00,function,79
0044fa50,function,76
0044faa0,function,134
0044fb30,function,247
0044fc30,function,218
0044fd10,function,131
0044fda0,function,202
0044fe70,function,53
0044feb0,function,64
0044fef0,function,87
0044ff50,function,111
0044ffc0,function,110
00450030,function,182
004500f0,function,31
00450110,function,31
00450130,function,31
00450150,function,31
00450170,function,82
004501d0,function,209
004502b0,function,36
004502e0,function,32
00450300,function,73
00450350,function,30
00450370,function,79
004503c0,function,19
004503e0,function,115
00450460,function,47
00450490,function,59
004504d0,function,17
004504f0,function,17
00450510,function,280
00450630,function,110
004506a0,function,232
00450790,function,232
00450880,function,65
004508d0,function,186
00450990,function,130
00450a20,function,106
00450a90,function,25
00450ab0,function,30
00450ad0,function,79
00450b20,function,33
00450b50,function,311
00450c90,function,52
00450cd0,function,48
00450d00,function,53
00450d40,function,39
00450d70,function,16
00450d80,function,105
00450df0,function,19
00450e10,function,17
00450e30,function,25
00450e50,function,30
00450e70,function,5
00450e80,function,38
00450eb0,function,49
00450ef0,function,30
00450f10,function,18
00450f30,function,5
00450f40,function,30
00450f60,function,90
00450fc0,function,120
00451040,function,51
00451080,function,6
00451090,function,14
004510a0,function,26
004510c0,function,30
004510e0,function,79
00451130,function,22
00451150,function,9
00451160,function,82
004511c0,function,49
00451200,function,59
00451240,function,82
004512a0,function,60
004512e0,function,112
00451350,function,26
00451370,function,30
00451390,function,7
004513a0,function,34
004513d0,function,3
004513e0,function,8
004513f0,function,20
00451410,function,73
00451460,function,18
00451480,function,40
004514b0,function,275
004515d0,function,53
00451610,function,27
00451630,function,15
00451640,function,82
004516a0,function,81
00451700,function,36
00451730,function,24
00451750,function,110
004517c0,function,159
00451860,function,63
004518a0,function,34
004518d0,function,25
004518f0,function,105
00451960,function,5
00451970,function,92
004519d0,function,53
00451a10,function,51
00451a50,function,118
00451ad0,function,115
00451b50,function,978
00451f30,function,30
00451f50,function,1055
00452370,function,178
00452430,function,6
00452440,function,81
004524a0,function,79
004524f0,function,24
00452510,function,17
00452530,function,31
00452550,function,1041
00452970,function,132
00452a00,function,52
00452a40,function,56
00452a80,function,82
00452ae0,function,701
00452da0,function,40
00452dd0,function,121
00452e50,function,95
00452eb0,function,45
00452ee0,function,118
00452f60,function,38
00452f90,function,90
00452ff0,function,538
00453210,function,39
00453240,function,856
004535a0,function,26
004535c0,function,79
00453610,function,13
00453620,function,33
00453650,function,49
00453690,function,177
00453750,function,64
00453790,function,85
004537f0,function,78
00453840,function,103
004538b0,function,5
004538c0,function,19
004538e0,function,5
004538f0,function,19
00453910,function,34
00453940,function,30
00453960,function,11
00453970,function,49
004539b0,function,74
00453a00,function,15
00453a10,function,5
00453a20,function,163
00453ad0,function,29
00453af0,function,56
00453b30,function,91
00453b90,function,91
00453bf0,function,121
00453c70,function,92
00453cd0,function,187
00453d90,function,68
00453de0,function,168
00453e90,function,87
00453ef0,function,985
004542d0,function,135
00454360,function,620
004545d0,function,186
00454690,function,266
004547a0,function,5
004547b0,function,19
004547d0,function,5
004547e0,function,19
00454800,function,143
00454890,function,92
004548f0,function,378
00454a70,function,55
00454ab0,function,102
00454b20,function,98
00454b90,function,22
00454bb0,function,248
00454cb0,function,94
00454d10,function,95
00454d70,function,212
00454e50,function,457
00455020,function,64
00455060,function,153
00455100,function,577
00455350,function,230
00455440,function,479
00455620,function,29
00455640,function,17
00455660,function,161
00455710,function,81
00455770,function,79
004557c0,function,17
004557e0,function,39
00455810,function,31
00455830,function,593
00455a90,function,165
00455b40,function,906
00455ed0,function,27
00455ef0,function,95
00455f50,function,94
00455fb0,function,248
004560b0,function,544
004562d0,function,35
00456300,function,30
00456320,function,58
00456360,function,202
00456430,function,117
004564b0,function,92
00456510,function,40
00456540,function,21
00456560,function,279
00456680,function,543
004568a0,function,79
004568f0,function,1001
00456ce0,function,196
00456db0,function,483
00456fa0,function,210
00457080,function,116
00457100,function,108
00457170,function,49
004571b0,function,120
00457230,function,24
00457250,function,70
004572a0,function,209
00457380,function,22
004573a0,function,521
004575b0,function,144
00457640,function,40
00457670,function,79
004576c0,function,13
004576d0,function,47
00457700,function,5
00457710,function,262
00457820,function,183
004578e0,function,17
00457900,function,46
00457930,function,46
00457960,function,5
00457970,function,19
00457990,function,130
00457a20,function,103
00457a90,function,392
00457c20,function,109
00457c90,function,96
00457cf0,function,64
00457d30,function,1628
00458390,function,87
004583f0,function,87
00458450,function,87
004584b0,function,84
00458510,function,87
00458570,function,87
004585d0,function,87
00458630,function,87
00458690,function,84
004586f0,function,84
00458750,function,87
004587b0,function,87
00458810,function,294
00458940,function,306
00458a80,function,920
00458e20,function,84
00458e80,function,522
00459090,function,84
004590f0,function,2701
00459b80,function,668
00459e20,function,1309
0045a340,function,165
0045a3f0,function,158
0045a490,function,760
0045a789,function,31
0045a7b0,function,229
0045a8a0,function,173
0045a950,function,92
0045a9b0,function,128
0045aa30,function,274
0045ab50,function,302
0045ac80,function,89
0045ace0,function,76
0045ad30,function,188
0045adf0,function,188
0045aeb0,function,201
0045af80,function,173
0045b030,function,424
0045b1e0,function,124
0045b260,function,123
0045b2e0,function,184
0045b3a0,function,197
0045b470,function,83
0045b4d0,function,23
0045b4f0,function,83
0045b550,function,236
0045b640,function,67
0045b690,function,81
0045b6f0,function,70
0045b740,function,91
0045b7a0,function,350
0045b900,function,69
0045b950,function,69
0045b9a0,function,63
0045b9e0,function,89
0045ba40,function,74
0045ba90,function,76
0045bae0,function,76
0045bb30,function,176
0045bbe0,function,38
0045bc10,function,19
0045bc30,function,16
0045bc40,function,14
0045bc50,function,35
0045bc80,function,79
0045bcd0,function,51
0045bd10,function,17
0045bd30,function,808
0045c060,function,92
0045c0c0,function,157
0045c160,function,307
0045c2a0,function,129
0045c330,function,6
0045c340,function,23
0045c360,function,21
0045c380,function,38
0045c3b0,function,16
0045c3c0,function,5
0045c3d0,function,590
0045c620,function,55
0045c660,function,52
0045c6a0,function,318
0045c7e0,function,73
0045c830,function,79
0045c880,function,40
0045c8b0,function,24
0045c8d0,function,24
0045c8f0,function,1137
0045cd70,function,174
0045ce20,function,364
0045cf90,function,397
0045d120,function,34
0045d150,function,175
0045d200,function,349
0045d360,function,148
0045d400,function,81
0045d460,function,79
0045d4b0,function,96
0045d510,function,47
0045d540,function,17
0045d560,function,533
0045d780,function,438
0045d940,function,671
0045dbe0,function,164
0045dc90,function,866
0045e000,function,128
0045e080,function,197
0045e150,function,77
0045e1a0,function,79
0045e1f0,function,15
0045e200,function,125
0045e280,function,24
0045e2a0,function,120
0045e320,function,31
0045e340,function,6
0045e350,function,38
0045e380,function,30
0045e3a0,function,11
0045e3b0,function,53
0045e3f0,function,121
0045e470,function,172
0045e520,function,131
0045e5b0,function,43
0045e5e0,function,29
0045e600,function,79
0045e650,function,87
0045e6b0,function,16
0045e6c0,function,33
0045e6f0,function,38
0045e720,function,6
0045e730,function,77
0045e780,function,79
0045e7d0,function,19
0045e7f0,function,99
0045e860,function,24
0045e880,function,29
0045e8a0,function,36
0045e8d0,function,60
0045e910,function,6
0045e920,function,77
0045e970,function,79
0045e9c0,function,56
0045ea00,function,207
0045ead0,function,24
0045eaf0,function,156
0045eb90,function,68
0045ebe0,function,339
0045ed40,function,35
0045ed70,function,30
0045ed90,function,11
0045eda0,function,24
0045edc0,function,14
0045edd0,function,113
0045ee50,function,32
0045ee70,function,75
0045eec0,function,31
0045eee0,function,83
0045ef40,function,79
0045ef90,function,5
0045efa0,function,634
0045f220,function,981
0045f600,function,84
0045f660,function,879
0045f9d0,function,84
0045fa30,function,1045
0045fe50,function,84
0045feb0,function,1034
004602c0,function,84
00460320,function,271
00460430,function,650
004606c0,function,84
00460720,function,838
00460a70,function,84
00460ad0,function,467
00460cb0,function,84
00460d10,function,766
00461010,function,84
00461070,function,852
004613d0,function,84
00461430,function,471
00461610,function,84
00461670,function,696
00461930,function,84
00461990,function,418
00461b40,function,84
00461ba0,function,279
00461cc0,function,545
00461ef0,function,577
00462140,function,520
00462350,function,555
00462580,function,821
004628c0,function,265
004629d0,function,265
00462ae0,function,373
00462c60,function,311
00462da0,function,199
00462e70,function,73
00462ec0,function,79
00462f10,function,34
00462f40,function,125
00462fc0,function,17
00462fe0,function,90
00463040,function,78
00463090,function,6
004630a0,function,39
004630d0,function,79
00463120,function,183
004631e0,function,24
00463200,function,45
00463230,function,69
00463280,function,62
004632c0,function,26
004632e0,function,79
00463330,function,169
004633e0,function,12
004633f0,function,383
00463570,function,70
004635c0,function,115
00463640,function,74
00463690,function,79
004636e0,function,18
00463700,function,147
004637a0,function,17
004637c0,function,51
00463800,function,49
00463840,function,6
00463850,function,77
004638a0,function,79
004638f0,function,12
00463900,function,98
00463970,function,24
00463990,function,23
004639b0,function,23
004639d0,function,241
00463ad0,function,6
00463ae0,function,41
00463b10,function,79
00463b60,function,97
00463bd0,function,33
00463c00,function,104
00463c70,function,147
00463d10,function,18
00463d30,function,25
00463d50,function,30
00463d70,function,79
00463dc0,function,629
00464040,function,84
004640a0,function,26
004640c0,function,52
00464100,function,43
00464130,function,39
00464160,function,79
004641b0,function,219
00464290,function,47
004642c0,function,236
004643b0,function,35
004643e0,function,207
004644b0,function,192
00464570,function,77
004645c0,function,79
00464610,function,75
00464660,function,26
00464680,function,89
004646e0,function,25
00464700,function,6
00464710,function,35
00464740,function,11
00464750,function,169
00464800,function,37
00464830,function,160
004648d0,function,360
00464a40,function,61
00464a80,function,13
00464a90,function,5
00464aa0,function,716
00464d70,function,84
00464dd0,function,50
00464e10,function,39
00464e40,function,41
00464e70,function,11
00464e80,function,66
00464ed0,function,25
00464ef0,function,72
00464f40,function,68
00464f90,function,9
00464fa0,function,23
00464fc0,function,30
00464fe0,function,11
00464ff0,function,394
00465180,function,84
004651e0,function,35
00465210,function,282
00465330,function,29
00465350,function,156
004653f0,function,88
00465450,function,52
00465490,function,43
004654c0,function,73
00465510,function,79
00465560,function,15
00465570,function,111
004655e0,function,26
00465600,function,131
00465690,function,63
004656d0,function,6
004656e0,function,73
00465730,function,30
00465750,function,79
004657a0,function,117
00465820,function,109
00465890,function,100
00465900,function,175
004659b0,function,243
00465ab0,function,138
00465b40,function,30
00465b60,function,145
00465c00,function,571
00465e40,function,87
00465ea0,function,125
00465f20,function,181
00465fe0,function,47
00466010,function,47
00466040,function,76
00466090,function,5
004660a0,function,89
00466100,function,30
00466120,function,95
00466180,function,102
004661f0,function,101
00466260,function,89
004662c0,function,30
004662e0,function,95
00466340,function,44
00466370,function,92
004663d0,function,125
00466450,function,18
00466470,function,113
004664f0,function,24
00466510,function,73
00466560,function,30
00466580,function,79
004665d0,function,19
004665f0,function,47
00466620,function,18
00466640,function,80
00466690,function,109
00466700,function,248
00466800,function,117
00466880,function,249
00466980,function,91
004669e0,function,39
00466a10,function,102
00466a80,function,30
00466aa0,function,108
00466b10,function,61
00466b50,function,55
00466b90,function,94
00466bf0,function,261
00466d00,function,84
00466d60,function,37
00466d90,function,161
00466e40,function,120
00466ec0,function,96
00466f20,function,52
00466f60,function,105
00466fd0,function,30
00466ff0,function,101
00467060,function,56
004670a0,function,176
00467150,function,47
00467180,function,93
004671e0,function,95
00467240,function,71
00467290,function,71
004672e0,function,60
00467320,function,60
00467360,function,60
004673a0,function,169
00467450,function,108
004674c0,function,78
00467510,function,78
00467560,function,263
00467670,function,79
004676c0,function,5
004676d0,function,89
00467730,function,30
00467750,function,95
004677b0,function,47
004677e0,function,21
00467800,function,125
00467880,function,37
004678b0,function,37
004678e0,function,118
00467960,function,78
004679b0,function,78
00467a00,function,219
00467ae0,function,98
00467b50,function,136
00467be0,function,120
00467c60,function,12
00467c70,function,5
00467c80,function,63
00467cc0,function,162
00467d70,function,11
00467d80,function,126
00467e00,function,97
00467e70,function,73
00467ec0,function,30
00467ee0,function,79
00467f30,function,54
00467f70,function,75
00467fc0,function,59
00468000,function,61
00468040,function,63
00468080,function,40
004680b0,function,33
004680e0,function,94
00468140,function,105
004681b0,function,111
00468220,function,153
004682c0,function,53
00468300,function,132
00468390,function,160
00468430,function,170
004684e0,function,173
00468590,function,217
00468670,function,95
004686d0,function,7
004686e0,function,7
004686f0,function,77
00468740,function,77
00468790,function,7
004687a0,function,116
00468820,function,17
00468840,function,18
00468860,function,381
004689e0,function,67
00468a30,function,73
00468a80,function,39
00468ab0,function,49
00468af0,function,241
00468bf0,function,87
00468c50,function,148
00468cf0,function,42
00468d20,function,114
00468da0,function,117
00468e20,function,154
00468ec0,function,76
00468f10,function,30
00468f30,function,80
00468f80,function,25
00468fa0,function,159
00469040,function,44
00469070,function,51
004690b0,function,30
004690d0,function,30
004690f0,function,225
004691e0,function,194
004692b0,function,506
004694b0,function,145
00469550,function,84
004695b0,function,73
00469600,function,30
00469620,function,79
00469670,function,52
004696b0,function,52
004696f0,function,276
00469810,function,228
00469900,function,72
00469950,function,196
00469a20,function,256
00469b20,function,33
00469b50,function,308
00469c90,function,135
00469d20,function,111
00469d90,function,136
00469e20,function,186
00469ee0,function,235
00469fd0,function,127
0046a050,function,187
0046a110,function,123
0046a190,function,81
0046a1f0,function,288
0046a310,function,380
0046a490,function,250
0046a590,function,163
0046a640,function,270
0046a750,function,161
0046a800,function,159
0046a8a0,function,156
0046a940,function,156
0046a9e0,function,164
0046aa90,function,170
0046ab40,function,159
0046abe0,function,161
0046ac90,function,167
0046ad40,function,164
0046adf0,function,162
0046aea0,function,164
0046af50,function,159
0046aff0,function,46
0046b020,function,73
0046b070,function,30
0046b090,function,79
0046b0e0,function,18
0046b100,function,9
0046b110,function,24
0046b130,function,50
0046b170,function,96
0046b1d0,function,56
0046b210,function,56
0046b250,function,60
0046b290,function,18
0046b2b0,function,30
0046b2d0,function,11
0046b2e0,function,21
0046b300,function,41
0046b330,function,26
0046b350,function,33
0046b380,function,111
0046b3f0,function,30
0046b410,function,109
0046b480,function,115
0046b500,function,195
0046b5d0,function,90
0046b630,function,169
0046b6e0,function,427
0046b890,function,459
0046ba60,function,165
0046bb10,function,114
0046bb90,function,256
0046bc90,function,238
0046bd80,function,137
0046be10,function,137
0046bea0,function,77
0046bef0,function,137
0046bf80,function,193
0046c050,function,178
0046c110,function,153
0046c1b0,function,141
0046c240,function,102
0046c2b0,function,326
0046c400,function,118
0046c480,function,132
0046c510,function,151
0046c5b0,function,95
0046c610,function,217
0046c6f0,function,56
0046c730,function,46
0046c760,function,105
0046c7d0,function,8
0046c7e0,function,33
0046c810,function,4
0046c820,function,20
0046c840,function,4
0046c850,function,7
0046c860,function,5
0046c870,function,5
0046c880,function,73
0046c8d0,function,30
0046c8f0,function,86
0046c950,function,25
0046c970,function,37
0046c9a0,function,27
0046c9c0,function,45
0046c9f0,function,3
0046ca00,function,95
0046ca60,function,30
0046ca80,function,79
0046cad0,function,50
0046cb10,function,135
0046cba0,function,109
0046cc10,function,274
0046cd30,function,139
0046cdc0,function,37
0046cdf0,function,32
0046ce10,function,260
0046cf20,function,229
0046d010,function,40
0046d040,function,247
0046d140,function,23
0046d160,function,23
0046d180,function,77
0046d1d0,function,56
0046d210,function,44
0046d240,function,95
0046d2a0,function,162
0046d350,function,278
0046d470,function,303
0046d5a0,function,24
0046d5c0,function,164
0046d670,function,269
0046d780,function,148
0046d820,function,73
0046d870,function,30
0046d890,function,86
0046d8f0,function,34
0046d920,function,62
0046d960,function,39
0046d990,function,39
0046d9c0,function,64
0046da00,function,64
0046da40,function,31
0046da60,function,28
0046da80,function,181
0046db40,function,59
0046db80,function,111
0046dbf0,function,113
0046dc70,function,261
0046dd80,function,209
0046de60,function,105
0046ded0,function,30
0046def0,function,111
0046df60,function,70
0046dfb0,function,214
0046e090,function,53
0046e0d0,function,85
0046e130,function,94
0046e190,function,114
0046e210,function,291
0046e340,function,166
0046e3f0,function,73
0046e440,function,30
0046e460,function,79
0046e4b0,function,115
0046e530,function,123
0046e5b0,function,128
0046e630,function,113
0046e6b0,function,59
0046e6f0,function,143
0046e780,function,130
0046e810,function,220
0046e8f0,function,12
0046e900,function,5
0046e910,function,11
0046e920,function,37
0046e950,function,27
0046e970,function,35
0046e9a0,function,62
0046e9e0,function,73
0046ea30,function,30
0046ea50,function,79
0046eaa0,function,75
0046eaf0,function,82
0046eb50,function,82
0046ebb0,function,117
0046ec30,function,30
0046ec50,function,118
0046ecd0,function,95
0046ed30,function,189
0046edf0,function,74
0046ee40,function,515
0046f050,function,38
0046f080,function,73
0046f0d0,function,30
0046f0f0,function,79
0046f140,function,12
0046f150,function,69
0046f1a0,function,96
0046f200,function,73
0046f250,function,30
0046f270,function,79
0046f2c0,function,104
0046f330,function,210
0046f410,function,86
0046f470,function,30
0046f490,function,92
0046f4f0,function,37
0046f520,function,92
0046f580,function,114
0046f600,function,165
0046f6b0,function,64
0046f6f0,function,285
0046f810,function,73
0046f860,function,30
0046f880,function,79
0046f8d0,function,220
0046f9b0,function,151
0046fa50,function,73
0046faa0,function,30
0046fac0,function,79
0046fb10,function,40
0046fb40,function,58
0046fb80,function,183
0046fc40,function,228
0046fd30,function,72
0046fd80,function,160
0046fe20,function,131
0046feb0,function,184
0046ff70,function,161
00470020,function,240
00470110,function,137
004701a0,function,315
004702e0,function,295
00470410,function,150
004704b0,function,405
00470650,function,399
004707e0,function,156
00470880,function,156
00470920,function,158
004709c0,function,167
00470a70,function,157
00470b10,function,167
00470bc0,function,156
00470c60,function,164
00470d10,function,164
00470dc0,function,159
00470e60,function,65
00470eb0,function,105
00470f20,function,30
00470f40,function,111
00470fb0,function,139
00471040,function,183
00471100,function,228
004711f0,function,42
00471220,function,24
00471240,function,24
00471260,function,146
00471300,function,236
004713f0,function,357
00471560,function,684
00471810,function,63
00471850,function,89
004718b0,function,30
004718d0,function,95
00471930,function,241
00471a30,function,107
00471aa0,function,113
00471b20,function,79
00471b70,function,138
00471c00,function,42
00471c30,function,73
00471c80,function,30
00471ca0,function,79
00471cf0,function,150
00471d90,function,156
00471e30,function,106
00471ea0,function,29
00471ec0,function,62
00471f00,function,97
00471f70,function,19
00471f90,function,31
00471fb0,function,93
00472010,function,104
00472080,function,105
004720f0,function,53
00472130,function,107
004721a0,function,96
00472200,function,136
00472290,function,116
00472310,function,131
004723a0,function,77
004723f0,function,77
00472440,function,127
004724c0,function,127
00472540,function,305
00472680,function,268
00472790,function,134
00472820,function,183
004728e0,function,110
00472950,function,76
004729a0,function,13
004729b0,function,18
004729d0,function,30
004729f0,function,11
00472a00,function,86
00472a60,function,112
00472ad0,function,40
00472b00,function,70
00472b50,function,101
00472bc0,function,74
00472c10,function,48
00472c40,function,56
00472c80,function,121
00472d00,function,110
00472d70,function,38
00472da0,function,154
00472e40,function,19
00472e60,function,35
00472e90,function,90
00472ef0,function,31
00472f10,function,47
00472f40,function,118
00472fc0,function,12
00472fd0,function,117
00473050,function,73
004730a0,function,188
00473160,function,65
004731b0,function,27
004731d0,function,59
00473210,function,179
004732d0,function,149
00473370,function,132
00473400,function,132
00473490,function,5
004734a0,function,73
004734f0,function,30
00473510,function,79
00473560,function,52
004735a0,function,24
004735c0,function,34
004735f0,function,188
004736b0,function,217
00473790,function,30
004737b0,function,240
004738a0,function,19
004738c0,function,221
004739a0,function,114
00473a20,function,46
00473a50,function,295
00473b80,function,192
00473c40,function,79
00473c90,function,141
00473d20,function,160
00473dc0,function,134
00473e50,function,143
00473ee0,function,1090
00474330,function,191
004743f0,function,125
00474470,function,72
004744c0,function,135
00474550,function,129
004745e0,function,84
00474640,function,117
004746c0,function,71
00474710,function,60
00474750,function,206
00474820,function,284
00474940,function,449
00474b10,function,88
00474b70,function,45
00474ba0,function,60
00474be0,function,13
00474bf0,function,7
00474c00,function,7
00474c10,function,5
00474c20,function,19
00474c40,function,38
00474c70,function,392
00474e00,function,49
00474e40,function,33
00474e70,function,124
00474ef0,function,48
00474f20,function,31
00474f40,function,193
00475010,function,1277
00475510,function,209
004755f0,function,30
00475610,function,30
00475630,function,195
00475700,function,37
00475730,function,565
00475970,function,24
00475990,function,124
00475a10,function,12
00475a20,function,12
00475a30,function,103
00475aa0,function,40
00475ad0,function,49
00475b10,function,279
00475c30,function,127
00475cb0,function,30
00475cd0,function,95
00475d30,function,288
00475e50,function,235
00475f40,function,2155
004767b0,function,221
00476890,function,87
004768f0,function,151
00476990,function,110
00476a00,function,208
00476ad0,function,33
00476b00,function,591
00476d50,function,267
00476e60,function,30
00476e80,function,79
00476ed0,function,30
00476ef0,function,252
00476ff0,function,86
00477050,function,220
00477130,function,87
00477190,function,116
00477210,function,58
00477250,function,58
00477290,function,228
00477380,function,24
004773a0,function,64
004773e0,function,256
004774e0,function,84
00477540,function,177
00477600,function,41
00477630,function,28
00477650,function,161
00477700,function,110
00477770,function,260
00477880,function,58
004778c0,function,5
004778d0,function,19
004778f0,function,184
004779b0,function,30
004779d0,function,105
00477a40,function,157
00477ae0,function,146
00477b80,function,103
00477bf0,function,94
00477c50,function,98
00477cc0,function,245
00477dc0,function,122
00477e40,function,179
00477f00,function,39
00477f30,function,133
00477fc0,function,184
00478080,function,151
00478120,function,90
00478180,function,360
004782f0,function,217
004783d0,function,252
004784d0,function,143
00478560,function,71
004785b0,function,179
00478670,function,179
00478730,function,170
004787e0,function,265
004788f0,function,743
00478be0,function,136
00478c70,function,531
00478e90,function,38
00478ec0,function,38
00478ef0,function,215
00478fd0,function,279
004790f0,function,348
00479250,function,123
004792d0,function,47
00479300,function,11
00479310,function,11
00479320,function,11
00479330,function,215
00479410,function,5
00479420,function,19
00479440,function,18
00479460,function,30
00479480,function,79
004794d0,function,51
00479510,function,114
00479590,function,27
004795b0,function,106
00479620,function,113
004796a0,function,111
00479710,function,30
00479730,function,111
004797a0,function,520
004799b0,function,88
00479a10,function,60
00479a50,function,45
00479a80,function,18
00479aa0,function,30
00479ac0,function,79
00479b10,function,184
00479bd0,function,101
00479c40,function,198
00479d10,function,83
00479d70,function,217
00479e50,function,30
00479e70,function,223
00479f50,function,31
00479f70,function,199
0047a040,function,68
0047a090,function,74
0047a0e0,function,359
0047a250,function,91
0047a2b0,function,316
0047a3f0,function,338
0047a550,function,306
0047a690,function,30
0047a6b0,function,282
0047a7d0,function,131
0047a860,function,195
0047a930,function,357
0047aaa0,function,178
0047ab60,function,73
0047abb0,function,29
0047abd0,function,131
0047ac60,function,42
0047ac90,function,254
0047ad90,function,24
0047adb0,function,245
0047aeb0,function,115
0047af30,function,312
0047b070,function,30
0047b090,function,313
0047b1d0,function,67
0047b220,function,210
0047b300,function,356
0047b470,function,217
0047b550,function,34
0047b580,function,296
0047b6b0,function,150
0047b750,function,152
0047b7f0,function,84
0047b850,function,353
0047b9c0,function,24
0047b9e0,function,24
0047ba00,function,489
0047bbf0,function,95
0047bc50,function,392
0047bde0,function,30
0047be00,function,361
0047bf70,function,76
0047bfc0,function,178
0047c080,function,84
0047c0e0,function,240
0047c1d0,function,56
0047c210,function,172
0047c2c0,function,85
0047c320,function,210
0047c400,function,77
0047c450,function,323
0047c5a0,function,98
0047c610,function,264
0047c720,function,105
0047c790,function,127
0047c810,function,227
0047c900,function,120
0047c980,function,571
0047cbc0,function,302
0047ccf0,function,236
0047cde0,function,70
0047ce30,function,317
0047cf70,function,30
0047cf90,function,313
0047d0d0,function,36
0047d100,function,97
0047d170,function,192
0047d230,function,189
0047d2f0,function,354
0047d460,function,177
0047d520,function,57
0047d560,function,112
0047d5d0,function,279
0047d6f0,function,79
0047d740,function,253
0047d840,function,146
0047d8e0,function,81
0047d940,function,81
0047d9a0,function,38
0047d9d0,function,116
0047da50,function,87
0047dab0,function,319
0047dbf0,function,565
0047de30,function,51
0047de70,function,97
0047dee0,function,30
0047df00,function,95
0047df60,function,38
0047df90,function,261
0047e0a0,function,62
0047e0e0,function,73
0047e130,function,36
0047e160,function,69
0047e1b0,function,40
0047e1e0,function,40
0047e210,function,50
0047e250,function,58
0047e290,function,22
0047e2b0,function,297
0047e3e0,function,30
0047e400,function,303
0047e530,function,19
0047e550,function,169
0047e600,function,73
0047e650,function,42
0047e680,function,190
0047e740,function,438
0047e900,function,80
0047e950,function,102
0047e9c0,function,45
0047e9f0,function,84
0047ea50,function,197
0047eb20,function,210
0047ec00,function,579
0047ee50,function,399
0047efe0,function,69
0047f030,function,103
0047f0a0,function,73
0047f0f0,function,30
0047f110,function,79
0047f160,function,12
0047f170,function,35
0047f1a0,function,228
0047f290,function,26
0047f2b0,function,344
0047f410,function,164
0047f4c0,function,5
0047f4d0,function,11
0047f4e0,function,1212
0047f9a0,function,5
0047f9b0,function,19
0047f9d0,function,12
0047f9e0,function,5
0047f9f0,function,11
0047fa00,function,53
0047fa40,function,36
0047fa70,function,43
0047faa0,function,22
0047fac0,function,19
0047fae0,function,127
0047fb60,function,30
0047fb80,function,111
0047fbf0,function,47
0047fc20,function,117
0047fca0,function,75
0047fcf0,function,207
0047fdc0,function,244
0047fec0,function,139
0047ff50,function,356
004800c0,function,78
00480110,function,193
004801e0,function,47
00480210,function,249
00480310,function,140
004803a0,function,17
004803c0,function,7
004803d0,function,75
00480420,function,25
00480440,function,36
00480470,function,69
004804c0,function,47
004804f0,function,9
00480500,function,13
00480510,function,13
00480520,function,41
00480550,function,73
004805a0,function,30
004805c0,function,79
00480610,function,12
00480620,function,35
00480650,function,228
00480740,function,26
00480760,function,399
004808f0,function,179
004809b0,function,18
004809d0,function,30
004809f0,function,79
00480a40,function,142
00480ad0,function,79
00480b20,function,35
00480b50,function,23
00480b70,function,313
00480cb0,function,30
00480cd0,function,319
00480e10,function,39
00480e40,function,212
00480f20,function,213
00481000,function,282
00481120,function,33
00481150,function,357
004812c0,function,48
004812f0,function,23
00481310,function,318
00481450,function,414
004815f0,function,246
004816f0,function,30
00481710,function,237
00481800,function,45
00481830,function,292
00481960,function,69
004819b0,function,115
00481a30,function,209
00481b10,function,74
00481b60,function,135
00481bf0,function,135
00481c80,function,717
00481f50,function,107
00481fc0,function,30
00481fe0,function,135
00482070,function,30
00482090,function,143
00482120,function,61
00482160,function,420
00482310,function,59
00482350,function,51
00482390,function,105
00482400,function,30
00482420,function,111
00482490,function,60
004824d0,function,110
00482540,function,375
004826c0,function,146
00482760,function,42
00482790,function,120
00482810,function,120
00482890,function,91
004828f0,function,31
00482910,function,109
00482980,function,23
004829a0,function,543
00482bc0,function,30
00482be0,function,503
00482de0,function,31
00482e00,function,52
00482e40,function,171
00482ef0,function,309
00483030,function,357
004831a0,function,41
004831d0,function,75
00483220,function,163
004832d0,function,270
004833e0,function,436
004835a0,function,150
00483640,function,87
004836a0,function,138
00483730,function,59
00483770,function,132
00483800,function,71
00483850,function,133
004838e0,function,142
00483970,function,73
004839c0,function,30
004839e0,function,79
00483a30,function,39
00483a60,function,135
00483af0,function,97
00483b60,function,186
00483c20,function,52
00483c60,function,153
00483d00,function,153
00483da0,function,153
00483e40,function,153
00483ee0,function,132
00483f70,function,396
00484100,function,107
00484170,function,55
004841b0,function,209
00484290,function,202
00484360,function,194
00484430,function,30
00484450,function,185
00484510,function,166
004845c0,function,83
00484620,function,43
00484650,function,33
00484680,function,35
004846b0,function,323
00484800,function,30
00484820,function,319
00484960,function,17
00484980,function,54
004849c0,function,28
004849e0,function,356
00484b50,function,129
00484be0,function,48
00484c10,function,169
00484cc0,function,30
00484ce0,function,175
00484d90,function,174
00484e40,function,247
00484f40,function,321
00485090,function,13
004850a0,function,344
00485200,function,73
00485250,function,30
00485270,function,79
004852c0,function,63
00485300,function,80
00485350,function,78
004853a0,function,67
004853f0,function,75
00485440,function,85
004854a0,function,169
00485550,function,110
004855c0,function,241
004856c0,function,84
00485720,function,141
004857b0,function,134
00485840,function,77
00485890,function,335
004859e0,function,30
00485a00,function,234
00485af0,function,184
00485bb0,function,196
00485c80,function,277
00485da0,function,164
00485e50,function,273
00485f70,function,173
00486020,function,50
00486060,function,141
004860f0,function,179
004861b0,function,150
00486250,function,425
00486400,function,60
00486440,function,86
004864a0,function,77
004864f0,function,77
00486540,function,119
004865c0,function,276
004866e0,function,72
00486730,function,212
00486810,function,116
00486890,function,288
004869b0,function,75
00486a00,function,301
00486b30,function,325
00486c80,function,30
00486ca0,function,303
00486dd0,function,107
00486e40,function,420
00486ff0,function,38
00487020,function,61
00487060,function,421
00487210,function,14
00487220,function,652
004874b0,function,73
00487500,function,30
00487520,function,79
00487570,function,94
004875d0,function,40
00487600,function,48
00487630,function,87
00487690,function,87
004876f0,function,154
00487790,function,142
00487820,function,40
00487850,function,306
00487990,function,30
004879b0,function,297
00487ae0,function,103
00487b50,function,323
00487ca0,function,109
00487d10,function,18
00487d30,function,13
00487d40,function,205
00487e10,function,370
00487f90,function,121
00488010,function,317
00488150,function,78
004881a0,function,480
00488380,function,18
004883a0,function,30
004883c0,function,79
00488410,function,211
004884f0,function,87
00488550,function,219
00488630,function,239
00488720,function,33
00488750,function,207
00488820,function,30
00488840,function,169
004888f0,function,121
00488970,function,335
00488ac0,function,114
00488b40,function,364
00488cb0,function,34
00488ce0,function,203
00488db0,function,30
00488dd0,function,18
00488df0,function,189
00488eb0,function,27
00488ed0,function,169
00488f80,function,201
00489050,function,110
004890c0,function,102
00489130,function,99
004891a0,function,65
004891f0,function,85
00489250,function,199
00489320,function,199
004893f0,function,70
00489440,function,74
00489490,function,5
004894a0,function,115
00489520,function,25
00489540,function,286
00489660,function,33
00489690,function,51
004896d0,function,193
004897a0,function,26
004897c0,function,26
004897e0,function,376
00489960,function,16
00489970,function,13
00489980,function,11
00489990,function,107
00489a00,function,102
00489a70,function,114
00489af0,function,608
00489d50,function,19
00489d70,function,390
00489f00,function,34
00489f30,function,34
00489f60,function,62
00489fa0,function,69
00489ff0,function,69
0048a040,function,69
0048a090,function,12
0048a0a0,function,5
0048a0b0,function,33
0048a0e0,function,65
0048a130,function,640
0048a3b0,function,44
0048a3e0,function,24
0048a400,function,20
0048a420,function,30
0048a440,function,11
0048a450,function,12
0048a460,function,16
0048a470,function,19
0048a490,function,19
0048a4b0,function,16
0048a4c0,function,5
0048a4d0,function,1438
0048aa70,function,90
0048aad0,function,73
0048ab20,function,73
0048ab70,function,51
0048abb0,function,117
0048ac30,function,109
0048aca0,function,109
0048ad10,function,184
0048add0,function,41
0048ae00,function,48
0048ae30,function,41
0048ae60,function,32
0048ae80,function,26
0048aea0,function,30
0048aec0,function,79
0048af10,function,49
0048af50,function,33
0048af80,function,191
0048b040,function,18
0048b060,function,19
0048b080,function,32
0048b0a0,function,30
0048b0c0,function,79
0048b110,function,262
0048b220,function,17
0048b240,function,161
0048b2f0,function,26
0048b310,function,30
0048b330,function,79
0048b380,function,49
0048b3c0,function,183
0048b480,function,73
0048b4d0,function,30
0048b4f0,function,79
0048b540,function,57
0048b580,function,373
0048b700,function,26
0048b720,function,17
0048b740,function,333
0048b890,function,32
0048b8b0,function,30
0048b8d0,function,79
0048b920,function,129
0048b9b0,function,34
0048b9e0,function,61
0048ba20,function,103
0048ba90,function,97
0048bb00,function,127
0048bb80,function,30
0048bba0,function,79
0048bbf0,function,420
0048bda0,function,87
0048be00,function,74
0048be50,function,31
0048be70,function,422
0048c020,function,35
0048c050,function,30
0048c070,function,79
0048c0c0,function,132
0048c150,function,37
0048c180,function,280
0048c2a0,function,51
0048c2e0,function,95
0048c340,function,256
0048c440,function,73
0048c490,function,30
0048c4b0,function,79
0048c500,function,36
0048c530,function,275
0048c650,function,26
0048c670,function,16
0048c680,function,462
0048c850,function,109
0048c8c0,function,30
0048c8e0,function,79
0048c930,function,45
0048c960,function,287
0048ca80,function,54
0048cac0,function,152
0048cb60,function,69
0048cbb0,function,725
0048ce90,function,248
0048cf90,function,83
0048cff0,function,25
0048d010,function,30
0048d030,function,79
0048d080,function,133
0048d110,function,26
0048d130,function,17
0048d150,function,230
0048d240,function,73
0048d290,function,30
0048d2b0,function,79
0048d300,function,241
0048d400,function,5
0048d410,function,51
0048d450,function,30
0048d470,function,10
0048d480,function,472
0048d660,function,202
0048d730,function,177
0048d7f0,function,81
0048d850,function,30
0048d870,function,79
0048d8c0,function,30
0048d8e0,function,120
0048d960,function,26
0048d980,function,76
0048d9d0,function,58
0048da10,function,698
0048dcd0,function,73
0048dd20,function,81
0048dd80,function,30
0048dda0,function,79
0048ddf0,function,27
0048de10,function,226
0048df00,function,26
0048df20,function,78
0048df70,function,40
0048dfa0,function,171
0048e050,function,366
0048e1c0,function,111
0048e230,function,99
0048e2a0,function,81
0048e300,function,30
0048e320,function,79
0048e370,function,34
0048e3a0,function,237
0048e490,function,26
0048e4b0,function,70
0048e500,function,34
0048e530,function,111
0048e5a0,function,95
0048e600,function,95
0048e660,function,26
0048e680,function,32
0048e6a0,function,30
0048e6c0,function,79
0048e710,function,103
0048e780,function,40
0048e7b0,function,10
0048e7c0,function,37
0048e7f0,function,398
0048e980,function,73
0048e9d0,function,30
0048e9f0,function,79
0048ea40,function,15
0048ea50,function,52
0048ea90,function,26
0048eab0,function,17
0048ead0,function,37
0048eb00,function,99
0048eb70,function,367
0048ece0,function,44
0048ed10,function,73
0048ed60,function,30
0048ed80,function,79
0048edd0,function,38
0048ee00,function,333
0048ef50,function,26
0048ef70,function,97
0048efe0,function,78
0048f030,function,73
0048f080,function,216
0048f160,function,147
0048f200,function,56
0048f240,function,30
0048f260,function,79
0048f2b0,function,614
0048f520,function,134
0048f5b0,function,199
0048f680,function,59
0048f6c0,function,19
0048f6e0,function,94
0048f740,function,30
0048f760,function,92
0048f7c0,function,109
0048f830,function,440
0048f9f0,function,58
0048fa30,function,102
0048faa0,function,244
0048fba0,function,55
0048fbe0,function,500
0048fde0,function,76
0048fe30,function,131
0048fec0,function,30
0048fee0,function,108
0048ff50,function,237
00490040,function,45
00490070,function,205
00490140,function,67
00490190,function,408
00490330,function,295
00490460,function,36
00490490,function,104
00490500,function,12
00490510,function,5
00490520,function,5
00490530,function,29
00490550,function,47
00490580,function,5
00490590,function,66
004905e0,function,494
004907d0,function,28
004907f0,function,2273
004910e0,function,2513
00491ac0,function,107
00491b30,function,80
00491b80,function,95
00491be0,function,137
00491c70,function,164
00491d20,function,87
00491d80,function,16
00491d90,function,68
00491de0,function,37
00491e10,function,8
00491e20,function,373
00491fa0,function,476
00492180,function,150
00492220,function,583
00492470,function,355
004925e0,function,17
00492600,function,30
00492620,function,11
00492630,function,80
00492680,function,215
00492760,function,87
004927c0,function,85
00492820,function,17
00492840,function,44
00492870,function,63
004928b0,function,63
004928f0,function,63
00492930,function,28
00492950,function,11
00492960,function,44
00492990,function,179
00492a50,function,63
00492a90,function,21
00492ab0,function,42
00492ae0,function,239
00492bd0,function,8
00492be0,function,74
00492c30,function,685
00492ee0,function,48
00492f10,function,641
004931a0,function,1506
00493790,function,30
004937b0,function,17
004937d0,function,30
004937f0,function,11
00493800,function,80
00493850,function,253
00493950,function,87
004939b0,function,91
00493a10,function,12
00493a20,function,63
00493a60,function,63
00493aa0,function,63
00493ae0,function,70
00493b30,function,74
00493b80,function,261
00493c90,function,454
00493e60,function,55
00493ea0,function,397
00494030,function,271
00494140,function,229
00494230,function,83
00494290,function,488
00494480,function,95
004944e0,function,455
004946b0,function,358
00494820,function,39
00494850,function,26
00494870,function,602
00494ad0,function,271
00494be0,function,27
00494c00,function,32
00494c20,function,30
00494c40,function,11
00494c50,function,44
00494c80,function,11
00494c90,function,9
00494ca0,function,239
00494d90,function,5
00494da0,function,104
00494e10,function,158
00494eb0,function,89
00494f10,function,18
00494f30,function,39
00494f60,function,56
00494fa0,function,56
00494fe0,function,49
00495020,function,15
00495030,function,137
004950c0,function,151
00495160,function,85
004951c0,function,202
00495290,function,60
004952d0,function,60
00495310,function,72
00495360,function,221
00495440,function,7762
004972a0,function,183
00497360,function,801
00497690,function,408
00497830,function,33
00497860,function,26
00497880,function,22
004978a0,function,74
004978f0,function,25
00497910,function,103
00497980,function,143
00497a10,function,490
00497c00,function,38
00497c30,function,185
00497cf0,function,13
00497d00,function,50
00497d40,function,61
00497d80,function,123
00497e00,function,13
00497e10,function,35
00497e40,function,67
00497e90,function,73
00497ee0,function,48
00497f10,function,147
00497fb0,function,100
00498020,function,251
00498120,function,114
004981a0,function,75
004981f0,function,263
00498300,function,159
004983a0,function,97
00498410,function,91
00498470,function,91
004984d0,function,54
00498510,function,89
00498570,function,100
004985e0,function,95
00498640,function,49
00498680,function,49
004986c0,function,49
00498700,function,12
00498710,function,5
00498720,function,17
00498740,function,253
00498840,function,5
00498850,function,24
00498870,function,36
004988a0,function,144
00498930,function,91
00498990,function,118
00498a10,function,428
00498bc0,function,208
00498c90,function,213
00498d70,function,101
00498de0,function,88
00498e40,function,79
00498e90,function,188
00498f50,function,28
00498f70,function,94
00498fd0,function,65
00499020,function,65
00499070,function,31
00499090,function,31
004990b0,function,85
00499110,function,12
00499120,function,5
00499130,function,44
00499160,function,93
004991c0,function,78
00499210,function,122
00499290,function,88
004992f0,function,39
00499320,function,95
00499380,function,80
004993d0,function,80
00499420,function,80
00499470,function,49
004994b0,function,49
004994f0,function,49
00499530,function,14
00499540,function,12
00499550,function,5
00499560,function,5
00499570,function,200
00499640,function,200
00499710,function,197
004997e0,function,164
00499890,function,460
00499a60,function,152
00499b00,function,52
00499b40,function,72
00499b90,function,28
00499bb0,function,72
00499c00,function,28
00499c20,function,50
00499c60,function,50
00499ca0,function,30
00499cc0,function,54
00499d00,function,103
00499d70,function,161
00499e20,function,93
00499e80,function,40
00499eb0,function,37
00499ee0,function,21
00499f00,function,20
00499f20,function,82
00499f80,function,64
00499fc0,function,287
0049a0e0,function,10
0049a0f0,function,102
0049a160,function,116
0049a1e0,function,168
0049a290,function,106
0049a300,function,224
0049a3e0,function,104
0049a450,function,2220
0049ad00,function,44
0049ad30,function,67
0049ad80,function,37
0049adb0,function,45
0049ade0,function,789
0049b100,function,65
0049b150,function,27
0049b170,function,456
0049b340,function,941
0049b6f0,function,33
0049b720,function,31
0049b740,function,355
0049b8b0,function,102
0049b920,function,826
0049bc60,function,82
0049bcc0,function,32
0049bce0,function,107
0049bd50,function,26
0049bd70,function,73
0049bdc0,function,14
0049bdd0,function,114
0049be50,function,31
0049be70,function,954
0049c230,function,1124
0049c6a0,function,327
0049c7f0,function,44
0049c820,function,19
0049c840,function,662
0049cae0,function,16
0049caf0,function,5
0049cb00,function,34
0049cb30,function,496
0049cd20,function,78
0049cd70,function,34
0049cda0,function,39
0049cdd0,function,58
0049ce10,function,19
0049ce30,function,5
0049ce40,function,61
0049ce80,function,558
0049d0b0,function,57
0049d0f0,function,39
0049d120,function,12
0049d130,function,5
0049d140,function,36
0049d170,function,82
0049d1d0,function,54
0049d210,function,65
0049d260,function,59
0049d2a0,function,54
0049d2e0,function,190
0049d3a0,function,113
0049d420,function,323
0049d570,function,74
0049d5c0,function,59
0049d600,function,105
0049d670,function,103
0049d6e0,function,161
0049d790,function,235
0049d880,function,154
0049d920,function,69
0049d970,function,50
0049d9b0,function,243
0049dab0,function,215
0049db90,function,115
0049dc10,function,50
0049dc50,function,50
0049dc90,function,72
0049dce0,function,112
0049dd50,function,449
0049df20,function,18
0049df40,function,705
0049e210,function,14
0049e220,function,5
0049e230,function,68
0049e280,function,67
0049e2d0,function,381
0049e450,function,311
0049e590,function,378
0049e710,function,164
0049e7c0,function,246
0049e8c0,function,29
0049e8e0,function,244
0049e9e0,function,38
0049ea10,function,41
0049ea40,function,18
0049ea60,function,113
0049eae0,function,34
0049eb10,function,3
0049eb20,function,10
0049eb30,function,11
0049eb40,function,80
0049eb90,function,82
0049ebf0,function,87
0049ec50,function,25
0049ec70,function,31
0049ec90,function,5
0049eca0,function,130
0049ed30,function,45
0049ed60,function,45
0049ed90,function,88
0049edf0,function,61
0049ee30,function,1496
0049f410,function,23
0049f430,function,41
0049f460,function,125
0049f4e0,function,78
0049f530,function,44
0049f560,function,290
0049f690,function,22
0049f6b0,function,39
0049f6e0,function,34
0049f710,function,130
0049f7a0,function,218
0049f880,function,19
0049f8a0,function,5
0049f8b0,function,48
0049f8e0,function,68
0049f930,function,307
0049fa70,function,79
0049fac0,function,54
0049fb00,function,35
0049fb30,function,358
0049fca0,function,192
0049fd60,function,12
0049fd70,function,18
0049fd90,function,30
0049fdb0,function,7
0049fdc0,function,15
0049fdd0,function,15
0049fde0,function,15
0049fdf0,function,20
0049fe10,function,20
0049fe30,function,138
0049fec0,function,163
0049ff70,function,309
004a00b0,function,13
004a00c0,function,16
004a00d0,function,19
004a00f0,function,48
004a0120,function,91
004a0180,function,123
004a0200,function,8
004a0210,function,381
004a0390,function,30
004a03b0,function,371
004a0530,function,330
004a0680,function,168
004a0730,function,1206
004a0bf0,function,1019
004a0ff0,function,395
004a1180,function,87
004a11e0,function,84
004a1240,function,155
004a12e0,function,408
004a1480,function,84
004a14e0,function,252
004a15e0,function,259
004a16f0,function,98
004a1760,function,234
004a1850,function,125
004a18d0,function,234
004a19c0,function,125
004a1a40,function,350
004a1ba0,function,84
004a1c00,function,349
004a1d60,function,84
004a1dc0,function,349
004a1f20,function,84
004a1f80,function,349
004a20e0,function,5
004a20f0,function,443
004a22b0,function,84
004a2310,function,359
004a2480,function,84
004a24e0,function,55
004a2520,function,357
004a2690,function,84
004a26f0,function,54
004a2730,function,906
004a2ac0,function,51
004a2b00,function,51
004a2b40,function,58
004a2b80,function,58
004a2bc0,function,58
004a2c00,function,58
004a2c40,function,58
004a2c80,function,58
004a2cc0,function,58
004a2d00,function,58
004a2d40,function,58
004a2d80,function,58
004a2dc0,function,363
004a2f30,function,71
004a2f80,function,233
004a3070,function,60
004a30b0,function,151
004a3150,function,224
004a3230,function,16
004a3240,function,16
004a3250,function,16
004a3260,function,30
004a3280,function,73
004a32d0,function,30
004a32f0,function,79
004a3340,function,55
004a3380,function,380
004a3500,function,5
004a3510,function,44
004a3540,function,9
004a3550,function,66
004a35a0,function,319
004a36e0,function,247
004a37e0,function,73
004a3830,function,79
004a3880,function,13
004a3890,function,122
004a3910,function,117
004a3990,function,17
004a39b0,function,27
004a39d0,function,124
004a3a50,function,73
004a3aa0,function,42
004a3ad0,function,328
004a3c20,function,106
004a3c90,function,212
004a3d70,function,29
004a3d90,function,29
004a3db0,function,32
004a3dd0,function,28
004a3df0,function,113
004a3e70,function,73
004a3ec0,function,47
004a3ef0,function,100
004a3f60,function,228
004a4050,function,17
004a4070,function,91
004a40d0,function,28
004a40f0,function,28
004a4110,function,73
004a4160,function,51
004a41a0,function,256
004a42a0,function,5
004a42b0,function,235
004a43a0,function,168
004a4450,function,41
004a4480,function,29
004a44a0,function,32
004a44c0,function,37
004a44f0,function,190
004a45b0,function,86
004a4610,function,92
004a4670,function,22
004a4690,function,249
004a4790,function,183
004a4850,function,52
004a4890,function,54
004a48d0,function,150
004a4970,function,73
004a49c0,function,30
004a49e0,function,264
004a4af0,function,66
004a4b40,function,28
004a4b60,function,73
004a4bb0,function,45
004a4be0,function,177
004a4ca0,function,45
004a4cd0,function,29
004a4cf0,function,27
004a4d10,function,129
004a4da0,function,97
004a4e10,function,12
004a4e20,function,5
004a4e30,function,612
004a50a0,function,28
004a50c0,function,61
004a5100,function,103
004a5170,function,12
004a5180,function,5
004a5190,function,95
004a51f0,function,5
004a5200,function,28
004a5220,function,249
004a5320,function,1068
004a5750,function,1716
004a5e10,function,161
004a5ec0,function,19
004a5ee0,function,10
004a5ef0,function,70
004a5f40,function,92
004a5fa0,function,21
004a5fc0,function,21
004a5fe0,function,220
004a60c0,function,199
004a6190,function,43
004a61c0,function,29
004a61e0,function,114
004a6260,function,22
004a6280,function,5
004a6290,function,77
004a62e0,function,126
004a6360,function,29
004a6380,function,164
004a6430,function,365
004a65a0,function,384
004a6720,function,194
004a67f0,function,196
004a68c0,function,187
004a6980,function,6
004a8498,function,6
004a849e,function,6
004a84a4,function,6
004a84b0,function,6
004a84b6,function,6
004a84bc,function,6
004a85c4,function,94
004a8622,function,22
004a8638,function,44
004a8664,function,18
004a8676,function,6
004a87da,function,6
004a87e0,function,6
004a87e6,function,6
004a87ec,function,6
004a87f2,function,6
004a87f8,function,18
004a880a,function,3
004a880d,function,1
004a880e,function,6
